ChatID, Name
1, chatroom 1
2, chatroom 2
3, chatroom 3
4, chatroom 4
5, chatroom 5
6, chatroom 6
7, chatroom 7
8, chatroom 8
9, chatroom 9
10, chatroom 10
11, chatroom 11
12, chatroom 12
13, chatroom 13
14, chatroom 14
15, chatroom 15
16, chatroom 16
17, chatroom 17
18, chatroom 18
19, chatroom 19
20, chatroom 20
21, chatroom 21
22, chatroom 22
23, chatroom 23
24, chatroom 24
25, chatroom 25
26, chatroom 26
27, chatroom 27
28, chatroom 28
29, chatroom 29
30, chatroom 30
31, chatroom 31
32, chatroom 32
33, chatroom 33
34, chatroom 34
35, chatroom 35
36, chatroom 36
37, chatroom 37
38, chatroom 38
39, chatroom 39
40, chatroom 40
41, chatroom 41
42, chatroom 42
43, chatroom 43
44, chatroom 44
45, chatroom 45
46, chatroom 46
47, chatroom 47
48, chatroom 48
49, chatroom 49
50, chatroom 50
51, chatroom 51
52, chatroom 52
53, chatroom 53
54, chatroom 54
55, chatroom 55
56, chatroom 56
57, chatroom 57
58, chatroom 58
59, chatroom 59
60, chatroom 60
61, chatroom 61
62, chatroom 62
63, chatroom 63
64, chatroom 64
65, chatroom 65
66, chatroom 66
67, chatroom 67
68, chatroom 68
69, chatroom 69
70, chatroom 70
71, chatroom 71
72, chatroom 72
73, chatroom 73
74, chatroom 74
75, chatroom 75
76, chatroom 76
77, chatroom 77
78, chatroom 78
79, chatroom 79
80, chatroom 80
81, chatroom 81
82, chatroom 82
83, chatroom 83
84, chatroom 84
85, chatroom 85
86, chatroom 86
87, chatroom 87
88, chatroom 88
89, chatroom 89
90, chatroom 90
91, chatroom 91
92, chatroom 92
93, chatroom 93
94, chatroom 94
95, chatroom 95
96, chatroom 96
97, chatroom 97
98, chatroom 98
99, chatroom 99
100, chatroom 100
