memberid,firstname,lastname,username,email,password,salt,verification,infoid
25,Elvis,Daniels,a,placerat@Proin.co.uk,FDKTLXWB,ETP39RPF1BXPNM58DLA4NM,1,25
54,Pandora,Sanders,a1,eget.metus.eu@pretiumneque.com,JGKMZRPI,FWL78UIM8UIXIX33DBY2LW,1,54
44,Boris,Stanley,a2,sem@Vestibulum.org,DJFCDMYI,SFK45AWO5ITHVT03GTA6XN,1,44
42,Adam,Wise,adipiscing,eleifend.nunc.risus@Aeneanegestas.com,YRMUEPTT,ZGG08XBG6TZFBP55OQD3WT,1,42
15,Mira,Obrien,Aliquam,Maecenas.libero@ametfaucibus.com,YIYEGDFH,ICG95GLN2HOWXM99MYT4PQ,1,15
16,Cairo,Olsen,amet,vitae.mauris@quisarcuvel.ca,ONTSIIXG,BFM10YML9ZRGHY60EII2LA,1,16
64,Aristotle,Mercado,ante,in.sodales.elit@laoreetposuere.org,OIETEAHK,KLO40DVA4XFWTV47GAJ0RI,1,64
83,Scarlet,Vega,at,metus.In@maurissapien.co.uk,SFWLHTTI,WGT30JBM2BFMPZ16HXN4RY,1,83
47,Keith,Porter,augue,lectus.pede.ultrices@diamatpretium.co.uk,TEUBZYPR,FWP05DAH3QAXAY42TJF1PT,1,47
70,Xandra,Noel,bibendum.,Duis@urna.edu,AGRNTAWM,FVV24FDL4ASVNO72ZPZ5QJ,1,70
48,Mohammad,Black,blandit,blandit.mattis@nequevitae.com,KPEEFBOH,VLT47HPA1KAWGC24BBN4DF,1,48
99,Delilah,Brewer,convallis,nec.tellus.Nunc@velit.ca,QUOIVDTR,ZCF34PIU3KKGHD45AKU6MO,1,99
11,Cora,Erickson,diam.,ultrices.sit.amet@euarcu.com,VBDFBVOW,JOJ54QXC4VIYWC85WDA5GI,1,11
75,Uma,Dillon,dolor.,libero@Donec.co.uk,JLQIUTFU,SQB85PPP1MECTA27DWF4GS,1,75
33,Xantha,Hendrix,Donec,tristique.aliquet.Phasellus@Morbisitamet.net,LVXTSSWA,UHY11HUU2MZDKL58CXX7DB,1,33
77,Lucius,Maxwell,Duis,turpis.In@Donecegestas.ca,BVOCGFUW,GPO38HIY6BLOAL68DNG3WF,1,77
56,Xenos,Becker,egestas,Etiam.gravida.molestie@commodoauctor.net,EXMPRMBG,KBW02BIY4NTAWU22UGH9VM,1,56
85,Kieran,Burnett,eget,facilisis.magna@habitantmorbi.net,BCQVSCAL,LPH83PUY5MDLRZ79NWJ9NF,1,85
82,Tyrone,Moran,elit,pede@semperrutrum.net,TORLEEQD,POA30EAG3ZGQZE90KZX9UR,1,82
37,Francis,Gross,erat.,nec.quam@Nullamsuscipit.com,KOJCVOFE,XOH16BIZ8ZIQDP55EXN6IV,1,37
6,Oliver,Lambert,eros,Cras.eu.tellus@ultrices.com,KKGXJBNE,OYV37VJE4ZCKMJ27AGK4PE,1,6
40,Alma,Dean,et,Morbi@CuraeDonectincidunt.ca,FOQUKKJY,TIU28SHJ6KJQKG65NUA3EQ,1,40
78,Madeson,Klein,eu,ipsum@aaliquetvel.co.uk,CJGLBMYN,WMO87ABE1QORIB10ABB8VM,1,78
12,Rae,Carlson,euismod,Cras@Vestibulum.net,QVEEHVUF,KDW53BTJ0YXKCX73AVO0EP,1,12
57,Kyle,Booker,facilisi.,ante@turpisIncondimentum.ca,EDHJJRGV,BSP81XLQ1PWGJM96UEJ5ZX,1,57
8,Brennan,Watts,facilisis,Aenean.euismod.mauris@dui.ca,HRBRNHHL,CEB66OYD4WYZFB78JMX0EX,1,8
2,Kennan,Cotton,fames,Curabitur@Quisqueornare.co.uk,ILAHWYFM,NII02OWL6ZPXHB17ZGI0IX,1,2
58,Jerry,Fox,fermentum,ut.erat@Quisque.ca,OTGPQDOE,FFI16ZAI8FPKAG02RGV3PH,1,58
72,Wanda,Oconnor,fringilla.,pede.Suspendisse.dui@ornaretortorat.com,JPPOSHUS,NQA84XSX8XXYXL64HCR0TJ,1,72
24,Denise,Watkins,hendrerit,vel.nisl.Quisque@nullaDonecnon.ca,WCRTRLTC,WPF61FJL9MEKGE95EKI2UX,1,24
39,Raven,Arnold,iaculis,consequat.lectus@scelerisquenequesed.org,TXFTKWWN,YXV33DII9AQFHH51OYI0HS,1,39
41,Hedy,Alston,in,risus@nequeIn.com,PSULKPHT,XHV68CSP6QTUOZ75BVB6TY,1,41
80,Baker,Nieves,in2,nunc.interdum@Duisgravida.com,USIQQNSO,IKK78XYY5MDTUT57EPH0FG,1,80
60,Dante,Cardenas,Integer,Suspendisse.sagittis@tellussemmollis.com,ZRNKXHET,OCT99JHQ2LGIWT79TGA5IK,1,60
89,Hu,Barker,interdum.,Nunc.quis@vehiculaPellentesque.com,ADCKFSUK,YZJ10QEQ0EHASW13GDQ5NJ,1,89
65,MacKensie,Collins,lectus,lorem@augueacipsum.net,DNXDDAMI,TBN08TPD4TWLOV33TWS8BK,1,65
62,Uriel,Anthony,leo.,arcu.Sed.eu@ametconsectetueradipiscing.org,GKHBSBBG,UFQ15FEE6WHXGV69ICM8MW,1,62
66,Drew,Carlson,leo.2,Quisque.imperdiet.erat@tristiquealiquetPhasellus.org,JYBYHPLT,VON13UIB0LAGZB23DZG5QK,1,66
50,Tanner,Cash,libero.,lectus@loremsemper.org,ZDCRQKVR,OGF47PXZ9SBDKC42QVD5UF,1,50
46,Emerald,Griffin,lobortis,ante.bibendum.ullamcorper@nec.ca,GPLWUFTH,NZW55MZZ9ZEQJB90TYQ7MY,1,46
93,Maisie,Frye,lobortis2,ac.feugiat.non@neque.edu,WWAXCVSU,LJG25KSO6AOJQO23GZB6NN,1,93
14,Levi,Patterson,lorem,natoque@dolor.net,QBDKVIKH,YCX94PHX3WSRXW31BAG7JE,1,14
87,Owen,Crawford,lorem2,magna.Lorem@ornareFusce.com,FAFFSBMV,ARH87QAY4SCFXU21UYY1MH,1,87
88,Cherokee,Mercado,lorem3,Sed.id.risus@egestasDuis.com,TVGHGYDY,COW02KIB4SGMCP65XXP0SB,1,88
21,Urielle,Reid,Maecenas,sit.amet.lorem@pretiumaliquetmetus.com,JGPOMQAS,QGB22MZH8UMXYQ81YGV6VN,1,21
52,Samuel,Pickett,Maecenas2,Cum@etmalesuadafames.net,FBQIDRDQ,TMW36VQT6EPSZU29CWQ6HK,1,52
32,Aurora,Lewis,magnis,risus.Morbi.metus@aarcuSed.ca,GCFSOHCL,MAS34CDN7EJGFO69KNN0LG,1,32
59,Baxter,Christensen,malesuada.,Nunc@estconguea.com,TCOTADZD,ZTR20FEB1VIFXZ72KMI4NJ,1,59
73,Hiroko,Cline,mattis,ac@eutellus.co.uk,ZOFOYWZD,NNA91CND3JSZOC29TGC1HR,1,73
22,Judah,Mcguire,montes,sociosqu@Mauriseuturpis.net,TUKUICVM,MQW12YIS7QUABQ08OJU1LZ,1,22
91,Nevada,Hubbard,Morbi,cursus.purus@justoeuarcu.org,UASGAADW,IRP17ESP4ZABWT83ZPX6UK,1,91
5,Ignacia,Riddle,Nam,natoque.penatibus.et@Nunc.co.uk,UPCXNMGB,TPM53KTP2UCWXE56WBT9MN,1,5
94,Blossom,Everett,nascetur,nec@turpis.com,XBOZURHX,CDG44JFY3QTVMK60PML8NX,1,94
35,Brynne,Reid,nec,Nam.consequat.dolor@Suspendisse.net,QSQQSTJC,IPY03FFT2UMSLM96OYK0OK,1,35
69,Leonard,Jensen,nec2,nibh.vulputate.mauris@ac.com,HBDSPXFQ,VGI22CTG3IPIZJ89BWQ9CY,1,69
30,Ian,Potts,neque,sit.amet.diam@euelit.edu,RRIQANCO,KBJ62XJR6BJIBU61AHI4EP,1,30
20,Lucy,Pittman,nisi,condimentum@etmalesuadafames.edu,RKPKLGXD,SMT93ZVC1HAKGK72UZU1SF,1,20
96,Ciara,Greene,nisi2,gravida@Morbi.com,UBVDGPAQ,MMI83PRD4RQNVY83LFM4CD,1,96
38,Echo,Klein,non,risus.a.ultricies@eget.co.uk,ZAHKHIWY,DJV19AJY3NHDIW77KIH8XU,1,38
81,Amelia,Barlow,non2,dis.parturient@loremvehiculaet.net,EPECXTIK,PMS90LVC4AQSWN05XMK2EC,1,81
28,Graiden,English,non-null,enim.diam@dapibus.co.uk,ZBJIUNYQ,XSX09SRQ2CNKWL69VKJ7UI,1,28
95,Olivia,Jordan,nulla,lobortis@ullamcorpervelitin.co.uk,UYECWBYA,GAV33CAX2MPKHM77RGR2HH,1,95
10,Sloane,David,Nunc,Fusce@dolor.ca,ODSTLRKP,VKU87VDP2NDRZM33DHF7XW,1,10
26,Pandora,Hess,nunc.,euismod.in.dolor@risusNuncac.org,MQQIVLSX,GLK33XVL3LYVRQ96ALP8NI,1,26
34,Lester,Thomas,orci,ut.eros.non@sagittisNullam.ca,SHEQGXUJ,KDF93FST3ZRFVH05LXV9LE,1,34
84,Kalia,Hutchinson,parturient,ut.molestie.in@infaucibusorci.co.uk,QLEDZPXH,HRE74DQP8QDZOQ33WSR9YE,1,84
17,Hu,Maldonado,pede,quam@loremsitamet.net,WTIAJORG,EYV60DFP4LOGRF09SYX4IX,1,17
4,Brett,Crosby,pellentesque.,morbi.tristique.senectus@in.co.uk,SFOZFPOO,JIY17GCP9GWODX19TVB8PX,1,4
7,Ramona,Buckner,penatibus,aliquam.eros.turpis@blandit.ca,YVLTPUYV,ZZN76PLT2EPEMJ57UQV6IH,1,7
31,Carlos,Holloway,penatibus2,semper.erat@ametmassa.ca,YYZZIXUM,VPZ97PXL5CWXKK16HGG9PA,1,31
86,Lara,Freeman,placerat,Etiam@temporerat.ca,DHNJOGTR,NUW00UDD7RILWJ63TLY5PT,1,86
27,Shaeleigh,England,porttitor,diam@mauris.co.uk,MPYLXDKZ,XPV72LDO8MXYMJ07TPT4WK,1,27
43,Sebastian,Chang,primis,pretium.neque.Morbi@morbitristique.com,QPJQFFBB,MNJ01CGG2RUOMK32UUG4GN,1,43
76,Kennan,Wood,purus,luctus@Nuncut.edu,MTUQNOHF,KND26ZBV6GHCDA10WHG1JO,1,76
49,Plato,King,quam.,vel.est.tempor@ipsumSuspendissesagittis.org,LUVTYYXB,VJR79NLR5SMYED09IRW1AN,1,49
13,Yasir,Armstrong,ridiculus,adipiscing@sapien.com,ENLOOUNL,OJE94NFF1GMOTG03SHH4IH,1,13
90,Cameran,Golden,ridiculus2,dictum@ametmassa.edu,KLUCZFYK,RMB70XES7NTEWC17WNX3SF,1,90
53,Robert,Molina,risus.,blandit@eget.co.uk,IIULUVOQ,SPZ69VCH7LGNVA71PSQ5FB,1,53
29,Mark,Mack,rutrum,nisl.Nulla.eu@id.ca,MSGLFHRT,ZEC95KNY2WQXSU81ACE9HE,1,29
92,Finn,Dalton,sagittis.,velit.Aliquam.nisl@felisegetvarius.ca,OUSGWIQU,QDT39XLE9EHQZL48RJD5QX,1,92
9,Dara,Stokes,scelerisque,Donec.nibh@cursusdiamat.org,RIVABPPZ,BTW53MZA8QLFVB70DQG3DU,1,9
63,Odysseus,Bush,scelerisque2,et@convallisconvallisdolor.com,TXATOXPW,UDN30AYY8XPBAH81WAV0EG,1,63
1,Fatima,Edwards,Sed,eget.metus.In@id.ca,JSUYQNJL,DOL17TDH9MZYEB60FVJ5DT,1,1
71,Ferris,Quinn,Sed2,rhoncus@vitaerisusDuis.net,DQCPWAKD,IRG60ZSM8MCVZN71IDH9HV,1,71
79,Joseph,Garner,sed,at.egestas.a@sitametrisus.co.uk,IUOWJMQH,QRQ41DWR4LOUAL56DWL1VR,1,79
98,Shay,Sandoval,sed2,ac.turpis@Curabituregestasnunc.ca,UNXVKRFN,FUO40CHD9KCXCS69SSX7EP,1,98
67,Walker,Kirkland,sit,aliquet@consectetueradipiscingelit.org,BGFGLPSP,DNO19WQQ2VSXOI46JFD5QX,1,67
55,Noble,Arnold,sociis,iaculis@egetlaoreetposuere.ca,VMURDWLJ,PSW99KFK6PPCBT48FUX8MH,1,55
61,Amery,Turner,tellus,mauris.blandit@habitantmorbi.com,ZFIUBZXN,SCI65YWD2VECNP43CBF5MQ,1,61
68,Ava,Heath,tellus2,diam.Sed.diam@neque.com,LIAREFHV,MSY63WTO0SWGFE70XVS8TB,1,68
45,Alvin,Rocha,tellus.,vulputate@urna.co.uk,DMSPERUT,RSY80YXL3VIBJT32SBW2YU,1,45
97,Idona,Higgins,tortor.,Nunc.mauris.elit@Etiam.org,QBSZBPRL,WKP33HYL4AXYPK00XIA5GT,1,97
3,Larissa,Martinez,ultrices,mauris.Morbi@enim.co.uk,JUYGGYDU,GVU35GKH8XAXEM48OTR1ZV,1,3
23,Wanda,Washington,ultrices2,eu.elit@ipsumsodales.net,YAWARPBU,QMR48YXF0JOEBG66SIQ1AR,1,23
36,Dexter,Rosa,urna.,faucibus.orci.luctus@maurissitamet.com,SMKZMEMQ,ROJ14LDE9FVQCP52PNU0XQ,1,36
51,Nash,Stout,vel,Mauris@bibendumsedest.net,QZAFMWXA,HFG57AMX5HEBIH48RHB8JH,1,51
19,Unity,Edwards,vestibulum,pharetra@nisisemsemper.co.uk,TVSYYFTK,QCI39KGR7XTLDX74HBB5TL,1,19
74,Jenna,Burke,vestibulum2,mi.enim@ut.co.uk,KSURUCEU,VAT31KUT6UKNKM53ILX8NL,1,74
18,Kiona,Black,Vivamus,sodales.elit.erat@congueaaliquet.org,KZHSQREL,CPU07WVN8LWSDI53QYJ2UM,1,18
100,Ivan,Tate,Vivamus2,tincidunt.vehicula@massa.org,XANLPWOJ,LWL64OYM4AORUF02RFP6HB,1,100